product_name;price
Hornby 2014 Catalogue;3.42
FunkyBuys® Large Christmas Holiday Express Festive Train Set (SI-TY1017) Toy Light / Sounds / Battery Operated & Smoke;16.99
CLASSIC TOY TRAIN SET TRACK CARRIAGES LIGHT ENGINE BOXED BOYS KIDS BATTERY;9.99
HORNBY Coach R4410A BR Hawksworth Corridor 3rd;39.99
Hornby 00 Gauge 0-4-0 Gildenlow Salt Co. Steam Locomotive Model;32.19
20pcs Model Garden Light Double Heads Lamppost Scale 1:100;6.99
Hornby 00 Gauge 230mm BR Bogie Passenger Brake Coach Model (Red);24.99
Hornby Santa's Express Train Set;69.93
Hornby Gauge Western Express Digital Train Set with eLink and TTS Loco Train Set;235.58
Hornby Gauge Railroad Mosley Tarmacadam Locomotive;27.49
Kato (USA) 176-1308 F3B Denver & Rio Grande Western;273.6
Bachmann 37-662 14 Ton Tank Wagon Pease & Partners Red;9.6
Hornby 00 Gauge 253mm Weathered Paviland Grange Steam Locomotive Train Model;119.5
Kumoyuni 74-0 Shonan Color (Model Train);17.08
Bachmann 31-588 Freightliner Class 70 005 Powerhaul Diesel Weathered;96.05
Preiser 30495 Horse Drawn Wedding Coach (Closed);27.55
Preiser 30414 Horse Drawn Liquid Manure Wagon;24.5
Bachmann Class A2 60534 'Irish Elegance' BR Lined Green Early Emblem;149.92
Plarail - S-29 Steam Locomotive Type C61-20 w/Head Light (Model Train);12.87
Roco 64723 OBB Railjet Economy Coach V;49.95
Plarail - AS-07 Shinkansen Series 700 (Model Train);14.44
Gaugemaster HBYS Hornby Type Colour Light Signal for 12v DC;5.95
Hornby R3246TTS LNER 2-8-2 'Cock O' The North' P2 Class with TTS Sound;139.95
Thomas and Friends Take-n-Play Elizabeth;19.99
Faller 140322;25.5
Bachmann 32-882 Fairburn 2-6-4 Tank 42062 BR Lined Black Late Crest;99.95
Alps Glacier Express (Add-On 4-Car Set) (Model Train);49.33
Hornby Gloucester City Pullman Train Set;82.31
Dapol Model Railway Stanier 57ft Non-Corridor Coach - OO Gauge Plastic Kit;14.99
Hornby R3086 RailRoad LNER 4-6-2 'Flying Scotsman' Class A3 00 Gauge Steam Locomotive;69.99
Ratio 271 Pratt Truss Signal Gantry Kit to span two tracks;3.4
Ohigawa Railway SL [Kawane-ji] (4-Car Set) (Model Train);50.81
HIGH SPEED TRAIN BUMP AND GO WITH MUSIC AND LIGHT HIGH QUALITY TOY;4.99
TRIX T23469 H0 Luggage wagon of K.BAY.STS.instance, Luggage van;36.51
Dapol Stanier 57ft Non Corridor Brake Coach - OO Gauge Plastic Kit;14.99
S-60 EF66 Electric Locomotive (Tomica PlaRail Model Train) (japan import);11.58
Hornby R1138 GWR Passenger Freight 00 Gauge Electric Train Set;79.95
WD Austerity 2-8-0 90448 BR Black Late Crest (DCC;135.0
KATO 70148015 N Portram TLR 601 Portram, grün;42.98
I/G (2) Oldtime Lanterns Working;50.01
Piko 53366 KSStEB 1st/2nd Class Coach I;34.95
Hornby Digital 15 V 4 Amp Transformer;28.99
Harry Potter - Diecast Hogwarts Express Train;59.99
Bachmann 31-169 L&YR 2-4-2 Tank 50795 BR Lined Black Early Emblem;96.0
Kato 8002 Koki 10000 Freight Wagon;35.2
Gaugemaster Single Track Controller/ Plug in Transformer;39.03
Model Railway 'OO' / 'HO' Scale C83 Battle Of Britain Class 257 Squadron Locomotive Plastic Kit;15.25
Walthers Proto 920-40695 EMD F7A RI No.676 (DCC-Sound);167.1
Hornby Railroad 00 Gauge LNER Class A1 Flying Scotsman with TTS Sound Steam Locomotive;98.5
Piko 57013 myTrain Diesel Locomotive;19.95
Train Tech DS6 One Touch DCC Signal Dual Home (R/G);35.0
Kato 10-847 E259 Narita Express 3 Car Powered Set;51.61
Hornby R3064 RailRoad BR Smokey Joe 00 Gauge Steam Locomotive;30.99
Roco 10908 Seuthe Smoke Oil;6.5
Subway train 500 form three-car basic set red gauge N 10-1134 Marunouchi Line;45.75
Dapol B800 Motorised Track Cleaning Wagon;74.6
Hornby R1174 Breakdown Hauler Train Set;74.99
Power Trains Auto Loader City;76.99
[NEW] Pureoroko C-58 water steam [NEW];27.6
Train Tech SK2 Home Signal Kit with R/G LEDs;8.0
Kato 11-105 Small Type Moter Unit (for Bandai's B-train Shorty);11.01
Class 47 47365 'Diamond Jubilee' BR Railfreight Distribution;100.0
Piko 59497;177.99
"Dapol Model Railway ""City of Truro"" Plastic Kit - OO Scale 1/76";10.2
Ratio 575 Permanent Way Set (4 Wagons);22.25
Piko H0 57633 H0 2.Kl. Personenwagen der DR B 2. Klasse der DR;15.75
Hornby 00 Gauge 152mm GNR 0-6-2T Steam Locomotive Model;89.99
SalesLa New Charming 4 Piece Wood Christmas Railway Wooden Train with 1 Engine Xmas Ornament Decor Gift Green;5.99
Dapol C102A 57ft Stanier Corridor Brake LMS Maroon Lined 5530 Kit;12.3
Corgi 1:120 Scale Rail Legends 'Trigo' A3 Class Die Cast Stream Locomotive;14.99
Märklin my world Battery Operated Signal;7.99
Bachmann 35-077 Class E4 0-6-2 32556 BR Black Early Emblem;104.66
Thomas and Friends Track Master Dockside Delivery Crane Cargo and Cars Set;13.87
20Pcs Single-Head Model Garden Lights Lamppost Lamp Layout Scale: 1/100--Black;2.98
Hornby 00 Gauge 247mm BR Gresley Teak Buffet Coach Model (Blue/ Grey);60.25
Hornby 00 Gauge BR Peppercorn Class A1 Tornado Mainline Blue Sound Steam Locomotive;129.95
Hornby R3125 GWR 2-8-0T Class 52XX 00 Gauge Steam Locomotive;119.99
Hornby '00' Gauge R3169 RailRoad GWR 4-6-0 'Olton Hall' 4900 Hall Class Locomotive;65.76
Graham Farish 374-807 BR Mk1 RFO Restaurant Car Crimson & Cream;26.5
30 Ton Bogie Bolster BR Grey With Steel Pipes;29.99
Hornby R3162A BR 2-BIL 2 Car EMU Pack;116.1
Ratio 610 GWR 4 wheel 3rd class 5 compartment coach;11.0
Hornby 00 Gauge 152mm BR 0-6-2T Steam Locomotive Model;89.99
Power Trains 2 Pack - Graffiti Freight;8.99
Carousel Wooden Train Set (100 Piece);36.35
Hornby Model Railway Railroad 0-4-0 Transatlanic Industries Train OO Gauge R3212;27.99
Piko 36165 35mm Metal Wheels (2 Axles);20.0
Hornby '00' Gauge R3231 BR 0-6-0 J15 Class - Early BR Steam Locomotive;105.0
TRIX T23228;27.4
Coal Imitation 00 Gauge;3.95
Walthers Trainline 931-1676 TL 50' PD Boxcar ATSF;15.0
Preiser 30411 Horse Drawn Box Wagon;137.16
Series 225-5000 [Kansai Airport, Kishu-ji Rapid Service] (4-Car Set) (Model Train);163.88
Lightweight HyDroc;14.57
Hornby '00' Gauge R4526 RailRoad Night Mail Operating Mail - GWR Chocolate and Cream Coach;21.95
Hornby West Coast Highlander;49.99
Ratio 476 LMS Round Post Signal Kits;10.69
Roco 64722 OBB Railjet Economy Coach V;49.95
N gauge 10-1221 E7 system Hokuriku Shinkansen basic set (3 cars);70.5
BR Mk1 SLF Sleeper Car Maroon;33.99
